-- V6__rich_demo_data.sql
-- Rich demo data for Dynamic UI Pages
-- Adds more users, products, orders across date ranges, inventory items, and activity logs

-- ============================================================
-- ADDITIONAL USERS (for user activity charts and multi-user data)
-- ============================================================
INSERT INTO users (id, username, password_hash, email, role, is_enabled) VALUES
    ('33333333-3333-3333-3333-333333333333', 'sarah', '$2a$10$rO7UXJQ7xJZJZJZJZJZJZOqKqKqKqKqKqKqKqKqKqKqKqKqKqKqKq', 'sarah@demo.com', 'USER', true),
    ('44444444-4444-4444-4444-444444444444', 'mike', '$2a$10$rO7UXJQ7xJZJZJZJZJZJZOqKqKqKqKqKqKqKqKqKqKqKqKqKqKqKq', 'mike@demo.com', 'USER', true),
    ('55555555-5555-5555-5555-555555555555', 'jessica', '$2a$10$rO7UXJQ7xJZJZJZJZJZJZOqKqKqKqKqKqKqKqKqKqKqKqKqKqKqKq', 'jessica@demo.com', 'ADMIN', true),
    ('66666666-6666-6666-6666-666666666666', 'david', '$2a$10$rO7UXJQ7xJZJZJZJZJZJZOqKqKqKqKqKqKqKqKqKqKqKqKqKqKqKq', 'david@demo.com', 'USER', true)
ON CONFLICT (id) DO NOTHING;

-- ============================================================
-- ADDITIONAL PRODUCTS (30 total)
-- ============================================================
INSERT INTO products (id, sku, name, description, price, quantity, status, category_id, created_by, created_at) VALUES
    ('21212121-2121-2121-2121-212121212121', 'PRD-021', 'Gaming Monitor 27"', '144Hz QHD gaming monitor with HDR400', 349.99, 18, 'ACTIVE', '11111111-1111-1111-1111-111111111111', '11111111-1111-1111-1111-111111111111', CURRENT_DATE - INTERVAL '45 days'),
    ('22222222-2222-2222-2222-222222222223', 'PRD-022', 'Mechanical Mouse', 'Lightweight gaming mouse with 25K DPI sensor', 79.99, 4, 'LOW_STOCK', '33333333-3333-3333-3333-333333333333', '11111111-1111-1111-1111-111111111111', CURRENT_DATE - INTERVAL '38 days'),
    ('23232323-2323-2323-2323-232323232323', 'PRD-023', 'Docking Station', 'USB-C docking station with triple display support', 199.99, 0, 'OUT_OF_STOCK', '33333333-3333-3333-3333-333333333333', '11111111-1111-1111-1111-111111111111', CURRENT_DATE - INTERVAL '30 days'),
    ('24242424-2424-2424-2424-242424242424', 'PRD-024', 'Standing Desk', 'Electric height-adjustable standing desk', 499.99, 12, 'ACTIVE', '22222222-2222-2222-2222-222222222222', '11111111-1111-1111-1111-111111111111', CURRENT_DATE - INTERVAL '25 days'),
    ('25252525-2525-2525-2525-252525252525', 'PRD-025', 'Webcam 4K', '4K ultra HD webcam with AI tracking', 149.99, 2, 'LOW_STOCK', '11111111-1111-1111-1111-111111111111', '11111111-1111-1111-1111-111111111111', CURRENT_DATE - INTERVAL '20 days'),
    ('26262626-2626-2626-2626-262626262626', 'PRD-026', 'Desk Organizer', 'Bamboo desk organizer with wireless charger', 45.99, 85, 'ACTIVE', '22222222-2222-2222-2222-222222222222', '11111111-1111-1111-1111-111111111111', CURRENT_DATE - INTERVAL '18 days'),
    ('27272727-2727-2727-2727-272727272727', 'PRD-027', 'Network Switch', '8-port Gigabit managed network switch', 89.99, 0, 'OUT_OF_STOCK', '44444444-4444-4444-4444-444444444444', '11111111-1111-1111-1111-111111111111', CURRENT_DATE - INTERVAL '15 days'),
    ('28282828-2828-2828-2828-282828282828', 'PRD-028', 'Microphone USB', 'Professional USB condenser microphone', 119.99, 22, 'ACTIVE', '11111111-1111-1111-1111-111111111111', '11111111-1111-1111-1111-111111111111', CURRENT_DATE - INTERVAL '12 days'),
    ('29292929-2929-2929-2929-292929292929', 'PRD-029', 'Cable Tester', 'Network cable tester with PoE detection', 34.99, 6, 'LOW_STOCK', '44444444-4444-4444-4444-444444444444', '11111111-1111-1111-1111-111111111111', CURRENT_DATE - INTERVAL '10 days'),
    ('30303030-3030-3030-3030-303030303030', 'PRD-030', 'Smart Bulb Kit', 'WiFi RGB smart bulb starter kit (4 pack)', 59.99, 40, 'ACTIVE', '22222222-2222-2222-2222-222222222222', '11111111-1111-1111-1111-111111111111', CURRENT_DATE - INTERVAL '5 days')
ON CONFLICT (id) DO NOTHING;

-- ============================================================
-- RICH ORDER DATA (34 orders across all statuses and date ranges)
-- ============================================================

-- PENDING orders (for Command Center queue)
INSERT INTO orders (id, user_id, product_id, quantity, status, created_at) VALUES
    ('b1111111-1111-1111-1111-111111111111', '22222222-2222-2222-2222-222222222222', (SELECT id FROM products WHERE sku = 'PRD-002'), 1, 'PENDING', CURRENT_DATE - INTERVAL '2 hours'),
    ('b2222222-2222-2222-2222-222222222222', '33333333-3333-3333-3333-333333333333', (SELECT id FROM products WHERE sku = 'PRD-005'), 2, 'PENDING', CURRENT_DATE - INTERVAL '4 hours'),
    ('b3333333-3333-3333-3333-333333333333', '44444444-4444-4444-4444-444444444444', (SELECT id FROM products WHERE sku = 'PRD-009'), 3, 'PENDING', CURRENT_DATE - INTERVAL '6 hours'),
    ('b4444444-4444-4444-4444-444444444444', '66666666-6666-6666-6666-666666666666', (SELECT id FROM products WHERE sku = 'PRD-014'), 1, 'PENDING', CURRENT_DATE - INTERVAL '8 hours'),
    ('b5555555-5555-5555-5555-555555555555', '22222222-2222-2222-2222-222222222222', (SELECT id FROM products WHERE sku = 'PRD-017'), 2, 'PENDING', CURRENT_DATE - INTERVAL '12 hours')
ON CONFLICT (id) DO NOTHING;

-- APPROVED orders (spread across last 90 days for chart data)
INSERT INTO orders (id, user_id, product_id, quantity, status, created_at) VALUES
    ('c1111111-1111-1111-1111-111111111111', '22222222-2222-2222-2222-222222222222', (SELECT id FROM products WHERE sku = 'PRD-001'), 2, 'APPROVED', CURRENT_DATE - INTERVAL '85 days'),
    ('c2222222-2222-2222-2222-222222222222', '33333333-3333-3333-3333-333333333333', (SELECT id FROM products WHERE sku = 'PRD-004'), 1, 'APPROVED', CURRENT_DATE - INTERVAL '82 days'),
    ('c3333333-3333-3333-3333-333333333333', '44444444-4444-4444-4444-444444444444', (SELECT id FROM products WHERE sku = 'PRD-008'), 1, 'APPROVED', CURRENT_DATE - INTERVAL '78 days'),
    ('c4444444-4444-4444-4444-444444444444', '66666666-6666-6666-6666-666666666666', (SELECT id FROM products WHERE sku = 'PRD-010'), 3, 'APPROVED', CURRENT_DATE - INTERVAL '75 days'),
    ('c5555555-5555-5555-5555-555555555555', '22222222-2222-2222-2222-222222222222', (SELECT id FROM products WHERE sku = 'PRD-011'), 1, 'APPROVED', CURRENT_DATE - INTERVAL '70 days'),
    ('c6666666-6666-6666-6666-666666666666', '33333333-3333-3333-3333-333333333333', (SELECT id FROM products WHERE sku = 'PRD-013'), 2, 'APPROVED', CURRENT_DATE - INTERVAL '65 days'),
    ('c7777777-7777-7777-7777-777777777777', '44444444-4444-4444-4444-444444444444', (SELECT id FROM products WHERE sku = 'PRD-015'), 5, 'APPROVED', CURRENT_DATE - INTERVAL '60 days'),
    ('c8888888-8888-8888-8888-888888888888', '66666666-6666-6666-6666-666666666666', (SELECT id FROM products WHERE sku = 'PRD-018'), 2, 'APPROVED', CURRENT_DATE - INTERVAL '55 days'),
    ('c9999999-9999-9999-9999-999999999999', '22222222-2222-2222-2222-222222222222', (SELECT id FROM products WHERE sku = 'PRD-020'), 3, 'APPROVED', CURRENT_DATE - INTERVAL '50 days'),
    ('c1010101-1010-1010-1010-101010101010', '33333333-3333-3333-3333-333333333333', (SELECT id FROM products WHERE sku = 'PRD-021'), 1, 'APPROVED', CURRENT_DATE - INTERVAL '45 days'),
    ('c1111111-1111-1111-1111-111111111112', '44444444-4444-4444-4444-444444444444', (SELECT id FROM products WHERE sku = 'PRD-024'), 1, 'APPROVED', CURRENT_DATE - INTERVAL '40 days'),
    ('c1212121-1212-1212-1212-121212121212', '66666666-6666-6666-6666-666666666666', (SELECT id FROM products WHERE sku = 'PRD-028'), 2, 'APPROVED', CURRENT_DATE - INTERVAL '35 days'),
    ('c1313131-1313-1313-1313-131313131313', '22222222-2222-2222-2222-222222222222', (SELECT id FROM products WHERE sku = 'PRD-030'), 4, 'APPROVED', CURRENT_DATE - INTERVAL '30 days'),
    ('c1414141-1414-1414-1414-141414141414', '33333333-3333-3333-3333-333333333333', (SELECT id FROM products WHERE sku = 'PRD-001'), 1, 'APPROVED', CURRENT_DATE - INTERVAL '25 days'),
    ('c1515151-1515-1515-1515-151515151515', '44444444-4444-4444-4444-444444444444', (SELECT id FROM products WHERE sku = 'PRD-006'), 2, 'APPROVED', CURRENT_DATE - INTERVAL '20 days'),
    ('c1616161-1616-1616-1616-161616161616', '66666666-6666-6666-6666-666666666666', (SELECT id FROM products WHERE sku = 'PRD-011'), 1, 'APPROVED', CURRENT_DATE - INTERVAL '15 days'),
    ('c1717171-1717-1717-1717-171717171717', '22222222-2222-2222-2222-222222222222', (SELECT id FROM products WHERE sku = 'PRD-013'), 1, 'APPROVED', CURRENT_DATE - INTERVAL '10 days'),
    ('c1818181-1818-1818-1818-181818181818', '33333333-3333-3333-3333-333333333333', (SELECT id FROM products WHERE sku = 'PRD-015'), 3, 'APPROVED', CURRENT_DATE - INTERVAL '5 days'),
    ('c1919191-1919-1919-1919-191919191919', '44444444-4444-4444-4444-444444444444', (SELECT id FROM products WHERE sku = 'PRD-018'), 2, 'APPROVED', CURRENT_DATE - INTERVAL '2 days'),
    ('c2020202-2020-2020-2020-202020202020', '66666666-6666-6666-6666-666666666666', (SELECT id FROM products WHERE sku = 'PRD-020'), 1, 'APPROVED', CURRENT_DATE - INTERVAL '1 day')
ON CONFLICT (id) DO NOTHING;

-- REJECTED orders
INSERT INTO orders (id, user_id, product_id, quantity, status, created_at) VALUES
    ('d1111111-1111-1111-1111-111111111111', '22222222-2222-2222-2222-222222222222', (SELECT id FROM products WHERE sku = 'PRD-003'), 1, 'REJECTED', CURRENT_DATE - INTERVAL '60 days'),
    ('d2222222-2222-2222-2222-222222222222', '33333333-3333-3333-3333-333333333333', (SELECT id FROM products WHERE sku = 'PRD-007'), 2, 'REJECTED', CURRENT_DATE - INTERVAL '45 days'),
    ('d3333333-3333-3333-3333-333333333333', '44444444-4444-4444-4444-444444444444', (SELECT id FROM products WHERE sku = 'PRD-012'), 1, 'REJECTED', CURRENT_DATE - INTERVAL '30 days'),
    ('d4444444-4444-4444-4444-444444444444', '66666666-6666-6666-6666-666666666666', (SELECT id FROM products WHERE sku = 'PRD-023'), 2, 'REJECTED', CURRENT_DATE - INTERVAL '15 days'),
    ('d5555555-5555-5555-5555-555555555555', '22222222-2222-2222-2222-222222222222', (SELECT id FROM products WHERE sku = 'PRD-027'), 1, 'REJECTED', CURRENT_DATE - INTERVAL '5 days')
ON CONFLICT (id) DO NOTHING;

-- CANCELLED orders
INSERT INTO orders (id, user_id, product_id, quantity, status, created_at) VALUES
    ('e1111111-1111-1111-1111-111111111111', '22222222-2222-2222-2222-222222222222', (SELECT id FROM products WHERE sku = 'PRD-006'), 1, 'CANCELLED', CURRENT_DATE - INTERVAL '50 days'),
    ('e2222222-2222-2222-2222-222222222222', '33333333-3333-3333-3333-333333333333', (SELECT id FROM products WHERE sku = 'PRD-009'), 2, 'CANCELLED', CURRENT_DATE - INTERVAL '35 days'),
    ('e3333333-3333-3333-3333-333333333333', '44444444-4444-4444-4444-444444444444', (SELECT id FROM products WHERE sku = 'PRD-016'), 1, 'CANCELLED', CURRENT_DATE - INTERVAL '20 days'),
    ('e4444444-4444-4444-4444-444444444444', '66666666-6666-6666-6666-666666666666', (SELECT id FROM products WHERE sku = 'PRD-019'), 3, 'CANCELLED', CURRENT_DATE - INTERVAL '10 days')
ON CONFLICT (id) DO NOTHING;

-- ============================================================
-- USER INVENTORY (rich set for multiple users)
-- ============================================================
INSERT INTO user_inventory (id, user_id, product_id, name, quantity, source, notes, created_at) VALUES
    -- User: user (2222...)
    ('f1111111-1111-1111-1111-111111111111', '22222222-2222-2222-2222-222222222222', (SELECT id FROM products WHERE sku = 'PRD-001'), 'Wireless Mouse', 2, 'PURCHASED', 'Purchased via order', CURRENT_DATE - INTERVAL '80 days'),
    ('f2222222-2222-2222-2222-222222222222', '22222222-2222-2222-2222-222222222222', NULL, 'MacBook Pro', 1, 'MANUAL', 'Personal work laptop', CURRENT_DATE - INTERVAL '60 days'),
    ('f3333333-3333-3333-3333-333333333333', '22222222-2222-2222-2222-222222222222', NULL, 'USB-C Cables', 5, 'MANUAL', 'Spare cables for devices', CURRENT_DATE - INTERVAL '40 days'),
    ('f4444444-4444-4444-4444-444444444444', '22222222-2222-2222-2222-222222222222', (SELECT id FROM products WHERE sku = 'PRD-013'), 'External SSD 1TB', 1, 'PURCHASED', 'For project backups', CURRENT_DATE - INTERVAL '20 days'),
    
    -- User: sarah (3333...)
    ('f5555555-5555-5555-5555-555555555555', '33333333-3333-3333-3333-333333333333', (SELECT id FROM products WHERE sku = 'PRD-004'), 'Monitor Stand', 1, 'PURCHASED', 'Home office setup', CURRENT_DATE - INTERVAL '70 days'),
    ('f6666666-6666-6666-6666-666666666666', '33333333-3333-3333-3333-333333333333', NULL, 'iPad Air', 1, 'MANUAL', 'For design work', CURRENT_DATE - INTERVAL '50 days'),
    ('f7777777-7777-7777-7777-777777777777', '33333333-3333-3333-3333-333333333333', (SELECT id FROM products WHERE sku = 'PRD-010'), 'Bluetooth Speaker', 2, 'PURCHASED', 'Gifts for family', CURRENT_DATE - INTERVAL '30 days'),
    ('f8888888-8888-8888-8888-888888888888', '33333333-3333-3333-3333-333333333333', NULL, 'Notebook Set', 3, 'MANUAL', 'Meeting notes', CURRENT_DATE - INTERVAL '15 days'),
    
    -- User: mike (4444...)
    ('f9999999-9999-9999-9999-999999999999', '44444444-4444-4444-4444-444444444444', (SELECT id FROM products WHERE sku = 'PRD-008'), 'Laptop Stand', 1, 'PURCHASED', 'Ergonomics upgrade', CURRENT_DATE - INTERVAL '65 days'),
    ('fa111111-1111-1111-1111-111111111111', '44444444-4444-4444-4444-444444444444', NULL, 'Whiteboard Markers', 10, 'MANUAL', 'Team collaboration tools', CURRENT_DATE - INTERVAL '45 days'),
    ('fa222222-2222-2222-2222-222222222222', '44444444-4444-4444-4444-444444444444', (SELECT id FROM products WHERE sku = 'PRD-015'), 'HDMI Cable 6ft', 3, 'PURCHASED', 'Conference room setup', CURRENT_DATE - INTERVAL '25 days'),
    ('fa333333-3333-3333-3333-333333333333', '44444444-4444-4444-4444-444444444444', NULL, 'Desk Plant', 2, 'MANUAL', 'Office greenery', CURRENT_DATE - INTERVAL '10 days'),
    
    -- User: david (6666...)
    ('fa444444-4444-4444-4444-444444444444', '66666666-6666-6666-6666-666666666666', (SELECT id FROM products WHERE sku = 'PRD-011'), 'Noise Cancelling Headphones', 1, 'PURCHASED', 'Focus work sessions', CURRENT_DATE - INTERVAL '55 days'),
    ('fa555555-5555-5555-5555-555555555555', '66666666-6666-6666-6666-666666666666', NULL, 'Coffee Mug Warmer', 1, 'MANUAL', 'Keeps coffee warm', CURRENT_DATE - INTERVAL '35 days'),
    ('fa666666-6666-6666-6666-666666666666', '66666666-6666-6666-6666-666666666666', (SELECT id FROM products WHERE sku = 'PRD-018'), 'Smart Power Strip', 2, 'PURCHASED', 'Smart home setup', CURRENT_DATE - INTERVAL '20 days'),
    ('fa777777-7777-7777-7777-777777777777', '66666666-6666-6666-6666-666666666666', NULL, 'Yoga Mat', 1, 'MANUAL', 'Desk stretching breaks', CURRENT_DATE - INTERVAL '5 days')
ON CONFLICT (id) DO NOTHING;

-- ============================================================
-- RICH ACTIVITY LOGS (60 entries across all types and date ranges)
-- ============================================================
INSERT INTO activity_logs (id, user_id, product_id, action_type, old_value, new_value, created_at) VALUES
    -- LOGIN activities (various users, spread across time)
    ('a1111111-1111-1111-1111-111111111111', '11111111-1111-1111-1111-111111111111', NULL, 'LOGIN', NULL, '{"message": "Admin logged in from Chrome"}', CURRENT_DATE - INTERVAL '90 days'),
    ('a2222222-2222-2222-2222-222222222222', '22222222-2222-2222-2222-222222222222', NULL, 'LOGIN', NULL, '{"message": "User logged in from Firefox"}', CURRENT_DATE - INTERVAL '88 days'),
    ('a3333333-3333-3333-3333-333333333333', '33333333-3333-3333-3333-333333333333', NULL, 'LOGIN', NULL, '{"message": "Sarah logged in from Safari"}', CURRENT_DATE - INTERVAL '85 days'),
    ('a4444444-4444-4444-4444-444444444444', '44444444-4444-4444-4444-444444444444', NULL, 'LOGIN', NULL, '{"message": "Mike logged in from Chrome"}', CURRENT_DATE - INTERVAL '80 days'),
    ('a5555555-5555-5555-5555-555555555555', '55555555-5555-5555-5555-555555555555', NULL, 'LOGIN', NULL, '{"message": "Jessica logged in from Edge"}', CURRENT_DATE - INTERVAL '75 days'),
    ('a6666666-6666-6666-6666-666666666666', '66666666-6666-6666-6666-666666666666', NULL, 'LOGIN', NULL, '{"message": "David logged in from Chrome"}', CURRENT_DATE - INTERVAL '70 days'),
    ('a7777777-7777-7777-7777-777777777777', '11111111-1111-1111-1111-111111111111', NULL, 'LOGIN', NULL, '{"message": "Admin logged in from mobile"}', CURRENT_DATE - INTERVAL '60 days'),
    ('a8888888-8888-8888-8888-888888888888', '22222222-2222-2222-2222-222222222222', NULL, 'LOGIN', NULL, '{"message": "User logged in from Chrome"}', CURRENT_DATE - INTERVAL '50 days'),
    ('a9999999-9999-9999-9999-999999999999', '33333333-3333-3333-3333-333333333333', NULL, 'LOGIN', NULL, '{"message": "Sarah logged in from Firefox"}', CURRENT_DATE - INTERVAL '40 days'),
    ('a1010101-1010-1010-1010-101010101010', '44444444-4444-4444-4444-444444444444', NULL, 'LOGIN', NULL, '{"message": "Mike logged in from Safari"}', CURRENT_DATE - INTERVAL '30 days'),
    ('a1111111-1111-1111-1111-111111111112', '55555555-5555-5555-5555-555555555555', NULL, 'LOGIN', NULL, '{"message": "Jessica logged in from Chrome"}', CURRENT_DATE - INTERVAL '20 days'),
    ('a1212121-1212-1212-1212-121212121212', '66666666-6666-6666-6666-666666666666', NULL, 'LOGIN', NULL, '{"message": "David logged in from Firefox"}', CURRENT_DATE - INTERVAL '10 days'),
    ('a1313131-1313-1313-1313-131313131313', '11111111-1111-1111-1111-111111111111', NULL, 'LOGIN', NULL, '{"message": "Admin logged in from Chrome"}', CURRENT_DATE - INTERVAL '5 days'),
    ('a1414141-1414-1414-1414-141414141414', '22222222-2222-2222-2222-222222222222', NULL, 'LOGIN', NULL, '{"message": "User logged in from Chrome"}', CURRENT_DATE - INTERVAL '2 days'),
    ('a1515151-1515-1515-1515-151515151515', '33333333-3333-3333-3333-333333333333', NULL, 'LOGIN', NULL, '{"message": "Sarah logged in from mobile"}', CURRENT_DATE - INTERVAL '1 day'),

    -- CREATE activities (products created by admin)
    ('a1616161-1616-1616-1616-161616161616', '11111111-1111-1111-1111-111111111111', 'aaaaaaaa-aaaa-aaaa-aaaa-aaaaaaaaaaaa', 'CREATE', NULL, '{"sku": "PRD-001", "name": "Wireless Mouse"}', CURRENT_DATE - INTERVAL '95 days'),
    ('a1717171-1717-1717-1717-171717171717', '11111111-1111-1111-1111-111111111111', 'bbbbbbbb-bbbb-bbbb-bbbb-bbbbbbbbbbbb', 'CREATE', NULL, '{"sku": "PRD-002", "name": "Mechanical Keyboard"}', CURRENT_DATE - INTERVAL '92 days'),
    ('a1818181-1818-1818-1818-181818181818', '11111111-1111-1111-1111-111111111111', 'cccccccc-cccc-cccc-cccc-cccccccccccc', 'CREATE', NULL, '{"sku": "PRD-003", "name": "USB-C Hub"}', CURRENT_DATE - INTERVAL '88 days'),
    ('a1919191-1919-1919-1919-191919191919', '11111111-1111-1111-1111-111111111111', 'dddddddd-dddd-dddd-dddd-dddddddddddd', 'CREATE', NULL, '{"sku": "PRD-004", "name": "Monitor Stand"}', CURRENT_DATE - INTERVAL '85 days'),
    ('a2020202-2020-2020-2020-202020202020', '11111111-1111-1111-1111-111111111111', 'eeeeeeee-eeee-eeee-eeee-eeeeeeeeeeee', 'CREATE', NULL, '{"sku": "PRD-005", "name": "Webcam HD"}', CURRENT_DATE - INTERVAL '80 days'),
    ('a2121212-2121-2121-2121-212121212121', '11111111-1111-1111-1111-111111111111', '21212121-2121-2121-2121-212121212121', 'CREATE', NULL, '{"sku": "PRD-021", "name": "Gaming Monitor 27\""}', CURRENT_DATE - INTERVAL '45 days'),
    ('a2222222-2222-2222-2222-222222222223', '11111111-1111-1111-1111-111111111111', '24242424-2424-2424-2424-242424242424', 'CREATE', NULL, '{"sku": "PRD-024", "name": "Standing Desk"}', CURRENT_DATE - INTERVAL '25 days'),
    ('a2323232-2323-2323-2323-232323232323', '11111111-1111-1111-1111-111111111111', '28282828-2828-2828-2828-282828282828', 'CREATE', NULL, '{"sku": "PRD-028", "name": "Microphone USB"}', CURRENT_DATE - INTERVAL '12 days'),
    ('a2424242-2424-2424-2424-242424242424', '11111111-1111-1111-1111-111111111111', '30303030-3030-3030-3030-303030303030', 'CREATE', NULL, '{"sku": "PRD-030", "name": "Smart Bulb Kit"}', CURRENT_DATE - INTERVAL '5 days'),

    -- UPDATE activities
    ('a2525252-2525-2525-2525-252525252525', '11111111-1111-1111-1111-111111111111', 'aaaaaaaa-aaaa-aaaa-aaaa-aaaaaaaaaaaa', 'UPDATE', '{"price": 24.99}', '{"price": 29.99}', CURRENT_DATE - INTERVAL '80 days'),
    ('a2626262-2626-2626-2626-262626262626', '11111111-1111-1111-1111-111111111111', 'bbbbbbbb-bbbb-bbbb-bbbb-bbbbbbbbbbbb', 'UPDATE', '{"quantity": 50}', '{"quantity": 5}', CURRENT_DATE - INTERVAL '70 days'),
    ('a2727272-2727-2727-2727-272727272727', '11111111-1111-1111-1111-111111111111', 'eeeeeeee-eeee-eeee-eeee-eeeeeeeeeeee', 'UPDATE', '{"price": 69.99}', '{"price": 79.99}', CURRENT_DATE - INTERVAL '60 days'),
    ('a2828282-2828-2828-2828-282828282828', '11111111-1111-1111-1111-111111111111', '14141414-1414-1414-1414-141414141414', 'UPDATE', '{"quantity": 30}', '{"quantity": 7}', CURRENT_DATE - INTERVAL '40 days'),
    ('a2929292-2929-2929-2929-292929292929', '11111111-1111-1111-1111-111111111111', '25252525-2525-2525-2525-252525252525', 'UPDATE', '{"price": 129.99}', '{"price": 149.99}', CURRENT_DATE - INTERVAL '18 days'),
    ('a3030303-3030-3030-3030-303030303030', '11111111-1111-1111-1111-111111111111', '26262626-2626-2626-2626-262626262626', 'UPDATE', '{"quantity": 100}', '{"quantity": 85}', CURRENT_DATE - INTERVAL '10 days'),

    -- STATE_CHANGE activities (status transitions)
    ('a3131313-3131-3131-3131-313131313131', '11111111-1111-1111-1111-111111111111', 'bbbbbbbb-bbbb-bbbb-bbbb-bbbbbbbbbbbb', 'STATE_CHANGE', '{"status": "ACTIVE"}', '{"status": "LOW_STOCK"}', CURRENT_DATE - INTERVAL '75 days'),
    ('a3232323-3232-3232-3232-323232323232', '11111111-1111-1111-1111-111111111111', 'cccccccc-cccc-cccc-cccc-cccccccccccc', 'STATE_CHANGE', '{"status": "ACTIVE"}', '{"status": "OUT_OF_STOCK"}', CURRENT_DATE - INTERVAL '60 days'),
    ('a3333333-3333-3333-3333-333333333333', '11111111-1111-1111-1111-111111111111', 'eeeeeeee-eeee-eeee-eeee-eeeeeeeeeeee', 'STATE_CHANGE', '{"status": "ACTIVE"}', '{"status": "LOW_STOCK"}', CURRENT_DATE - INTERVAL '50 days'),
    ('a3434343-3434-3434-3434-343434343434', '11111111-1111-1111-1111-111111111111', '99999999-9999-9999-9999-999999999999', 'STATE_CHANGE', '{"status": "ACTIVE"}', '{"status": "LOW_STOCK"}', CURRENT_DATE - INTERVAL '40 days'),
    ('a3535353-3535-3535-3535-353535353535', '11111111-1111-1111-1111-111111111111', '12121212-1212-1212-1212-121212121212', 'STATE_CHANGE', '{"status": "ACTIVE"}', '{"status": "OUT_OF_STOCK"}', CURRENT_DATE - INTERVAL '30 days'),
    ('a3636363-3636-3636-3636-363636363636', '11111111-1111-1111-1111-111111111111', '16161616-1616-1616-1616-161616161616', 'STATE_CHANGE', '{"status": "ACTIVE"}', '{"status": "LOW_STOCK"}', CURRENT_DATE - INTERVAL '20 days'),
    ('a3737373-3737-3737-3737-373737373737', '11111111-1111-1111-1111-111111111111', '17171717-1717-1717-1717-171717171717', 'STATE_CHANGE', '{"status": "ACTIVE"}', '{"status": "LOW_STOCK"}', CURRENT_DATE - INTERVAL '15 days'),
    ('a3838383-3838-3838-3838-383838383838', '11111111-1111-1111-1111-111111111111', '19191919-1919-1919-1919-191919191919', 'STATE_CHANGE', '{"status": "ACTIVE"}', '{"status": "OUT_OF_STOCK"}', CURRENT_DATE - INTERVAL '10 days'),
    ('a3939393-3939-3939-3939-393939393939', '11111111-1111-1111-1111-111111111111', '22222222-2222-2222-2222-222222222223', 'STATE_CHANGE', '{"status": "ACTIVE"}', '{"status": "LOW_STOCK"}', CURRENT_DATE - INTERVAL '5 days'),
    ('a4040404-4040-4040-4040-404040404040', '11111111-1111-1111-1111-111111111111', '23232323-2323-2323-2323-232323232323', 'STATE_CHANGE', '{"status": "ACTIVE"}', '{"status": "OUT_OF_STOCK"}', CURRENT_DATE - INTERVAL '3 days'),

    -- DELETE activities
    ('a4141414-4141-4141-4141-414141414141', '11111111-1111-1111-1111-111111111111', NULL, 'DELETE', '{"sku": "PRD-DEL-01", "name": "Old Mouse Pad"}', NULL, CURRENT_DATE - INTERVAL '55 days'),
    ('a4242424-4242-4242-4242-424242424242', '11111111-1111-1111-1111-111111111111', NULL, 'DELETE', '{"sku": "PRD-DEL-02", "name": "Broken Keyboard"}', NULL, CURRENT_DATE - INTERVAL '35 days'),
    ('a4343434-4343-4343-4343-434343434343', '11111111-1111-1111-1111-111111111111', NULL, 'DELETE', '{"sku": "PRD-DEL-03", "name": "Defective Cable"}', NULL, CURRENT_DATE - INTERVAL '15 days'),
    ('a4444444-4444-4444-4444-444444444444', '11111111-1111-1111-1111-111111111111', NULL, 'DELETE', '{"sku": "PRD-DEL-04", "name": "Outdated Webcam"}', NULL, CURRENT_DATE - INTERVAL '5 days'),

    -- LOGOUT activities
    ('a4545454-4545-4545-4545-454545454545', '11111111-1111-1111-1111-111111111111', NULL, 'LOGOUT', NULL, '{"message": "Admin logged out"}', CURRENT_DATE - INTERVAL '89 days'),
    ('a4646464-4646-4646-4646-464646464646', '22222222-2222-2222-2222-222222222222', NULL, 'LOGOUT', NULL, '{"message": "User logged out"}', CURRENT_DATE - INTERVAL '79 days'),
    ('a4747474-4747-4747-4747-474747474747', '33333333-3333-3333-3333-333333333333', NULL, 'LOGOUT', NULL, '{"message": "Sarah logged out"}', CURRENT_DATE - INTERVAL '69 days'),
    ('a4848484-4848-4848-4848-484848484848', '44444444-4444-4444-4444-444444444444', NULL, 'LOGOUT', NULL, '{"message": "Mike logged out"}', CURRENT_DATE - INTERVAL '59 days'),
    ('a4949494-4949-4949-4949-494949494949', '55555555-5555-5555-5555-555555555555', NULL, 'LOGOUT', NULL, '{"message": "Jessica logged out"}', CURRENT_DATE - INTERVAL '49 days'),
    ('a5050505-5050-5050-5050-505050505050', '66666666-6666-6666-6666-666666666666', NULL, 'LOGOUT', NULL, '{"message": "David logged out"}', CURRENT_DATE - INTERVAL '39 days'),
    ('a5151515-5151-5151-5151-515151515151', '11111111-1111-1111-1111-111111111111', NULL, 'LOGOUT', NULL, '{"message": "Admin logged out"}', CURRENT_DATE - INTERVAL '29 days'),
    ('a5252525-5252-5252-5252-525252525252', '22222222-2222-2222-2222-222222222222', NULL, 'LOGOUT', NULL, '{"message": "User logged out"}', CURRENT_DATE - INTERVAL '19 days'),
    ('a5353535-5353-5353-5353-535353535353', '33333333-3333-3333-3333-333333333333', NULL, 'LOGOUT', NULL, '{"message": "Sarah logged out"}', CURRENT_DATE - INTERVAL '9 days'),
    ('a5454545-5454-5454-5454-545454545454', '44444444-4444-4444-4444-444444444444', NULL, 'LOGOUT', NULL, '{"message": "Mike logged out"}', CURRENT_DATE - INTERVAL '4 days'),
    ('a5555555-5555-5555-5555-555555555556', '55555555-5555-5555-5555-555555555555', NULL, 'LOGOUT', NULL, '{"message": "Jessica logged out"}', CURRENT_DATE - INTERVAL '2 days'),
    ('a5656565-5656-5656-5656-565656565656', '66666666-6666-6666-6666-666666666666', NULL, 'LOGOUT', NULL, '{"message": "David logged out"}', CURRENT_DATE - INTERVAL '1 day'),

    -- Recent mixed activities (last 7 days)
    ('a5757575-5757-5757-5757-575757575757', '11111111-1111-1111-1111-111111111111', '30303030-3030-3030-3030-303030303030', 'CREATE', NULL, '{"sku": "PRD-030", "name": "Smart Bulb Kit"}', CURRENT_DATE - INTERVAL '6 days'),
    ('a5858585-5858-5858-5858-585858585858', '11111111-1111-1111-1111-111111111111', '26262626-2626-2626-2626-262626262626', 'UPDATE', '{"quantity": 100}', '{"quantity": 85}', CURRENT_DATE - INTERVAL '5 days'),
    ('a5959595-5959-5959-5959-595959595959', '11111111-1111-1111-1111-111111111111', '22222222-2222-2222-2222-222222222223', 'STATE_CHANGE', '{"status": "ACTIVE"}', '{"status": "LOW_STOCK"}', CURRENT_DATE - INTERVAL '4 days'),
    ('a6060606-6060-6060-6060-606060606060', '11111111-1111-1111-1111-111111111111', NULL, 'LOGIN', NULL, '{"message": "Admin logged in from Chrome"}', CURRENT_DATE - INTERVAL '3 days')
ON CONFLICT (id) DO NOTHING;
